step,train_loss,validation_loss,validation_SNR,validation_SI_SDR,validation_STOI,validation_PESQ,fraction_of_training_examples_from_gunfire,fraction_from_existing_proxy
1000,13.765999463796616,,,,,,0.4665,0.5335
2000,10.27275268292427,,,,,,0.474625,0.525375
3000,9.635533087730408,,,,,,0.4815833333333333,0.5184166666666666
4000,9.076744161844253,,,,,,0.4825625,0.5174375
5000,9.337892370939255,9.368929497670319,4.273941126757625,3.8064055,0.8223428917242777,1.577851126961789,0.48265,0.51735
6000,9.2109357380867,,,,,,0.48341666666666666,0.5165833333333333
7000,9.036878227710725,,,,,,0.48296428571428573,0.5170357142857143
8000,9.185573256969452,,,,,,0.4820625,0.5179375
9000,9.057306866168975,,,,,,0.48205555555555557,0.5179444444444444
10000,8.894825589179993,9.304192169642045,4.242443806588476,3.599953,0.8223919045649744,1.5845185877913135,0.482025,0.517975
11000,9.199087583303452,,,,,,0.4825,0.5175
12000,9.052703112840652,,,,,,0.4823125,0.5176875
13000,9.225571555376053,,,,,,0.4818076923076923,0.5181923076923077
14000,9.103776463508606,,,,,,0.48182142857142857,0.5181785714285714
15000,8.947250347137452,9.190020774582685,4.58485157139919,3.8529727,0.8224181261485226,1.577746158333148,0.48181666666666667,0.5181833333333333
16000,9.128580170869828,,,,,,0.48215625,0.51784375
17000,9.420667336940765,,,,,,0.48204411764705885,0.5179558823529412
18000,9.45193789601326,,,,,,0.4816944444444444,0.5183055555555556
19000,9.813628199100494,,,,,,0.4817105263157895,0.5182894736842105
20000,8.863811608552933,9.047879026703916,4.649057006573904,3.8795733,0.8224435923948218,1.5885680877556234,0.4817125,0.5182875
21000,9.20199643278122,,,,,,0.4819761904761905,0.5180238095238096
22000,8.943954736948013,,,,,,0.4818977272727273,0.5181022727272727
23000,9.81746550488472,,,,,,0.4816304347826087,0.5183695652173913
24000,9.05894350194931,,,,,,0.48164583333333333,0.5183541666666667
25000,9.052080533981323,9.104793134786314,4.342190221972148,3.475482,0.8224588271467979,1.5924911171703016,0.48165,0.51835
