step,train_loss,observed_gunfire_fraction,observed_proxy_fraction
1000,12.504348470926285,0.7565,0.2435
2000,9.71315774178505,0.756,0.244
3000,8.895381460666657,0.7510833333333333,0.24891666666666667
4000,8.817385607481002,0.7533125,0.2466875
5000,8.739849775791168,0.75115,0.24885
6000,8.638051014900208,0.7505833333333334,0.24941666666666668
7000,8.868766951799392,0.7493928571428572,0.25060714285714286
8000,8.567873501300811,0.74875,0.25125
9000,8.859490991830826,0.7482222222222222,0.25177777777777777
10000,8.654401842594147,0.749125,0.250875
11000,8.641388497352601,0.7484090909090909,0.2515909090909091
12000,8.796522906541824,0.749,0.251
13000,8.46901530957222,0.7486153846153846,0.2513846153846154
14000,8.6524302880764,0.7490892857142857,0.25091071428571426
15000,8.547118906259536,0.7492166666666666,0.25078333333333336
16000,8.405278514385223,0.748796875,0.251203125
17000,8.62809736919403,0.7491911764705882,0.25080882352941175
18000,8.375786405324936,0.7491527777777778,0.2508472222222222
19000,8.524095692634582,0.7496052631578948,0.2503947368421053
20000,8.29284040093422,0.7498125,0.2501875
21000,8.47561215043068,0.7494880952380952,0.25051190476190477
22000,8.499995406150818,0.7491704545454545,0.25082954545454544
23000,8.753071965456009,0.7487608695652174,0.25123913043478263
24000,8.414435116291045,0.7489791666666666,0.25102083333333336
25000,8.371711473226547,0.74918,0.25082
