subset,checkpoint,input_snr,output_snr,snr_improvement,input_si_sdr,output_si_sdr,si_sdr_improvement,input_stoi,output_stoi,stoi_improvement,input_pesq,output_pesq,pesq_improvement,pct_snr_pos,pct_snr_neg,pct_snr_gt_15,pct_stoi_gt_085,pct_pesq_gt_25
ALL,l1,6.49159590566577,8.740000714737354,2.2484048090715842,6.028149832255632,6.483756649159154,0.4556068169035198,0.8225514510708377,0.819260969401769,-0.0032904816690687596,1.5996211449978714,1.6899080322960676,0.09028688729819605,71.69491525423729,28.30508474576271,17.11864406779661,52.20338983050847,10.847457627118644
ALL,mrstft,6.49159590566577,6.295153119569739,-0.19644278609603041,6.028149832255632,4.712631532059664,-1.3155183001959685,0.8225514510708377,0.8226717441826168,0.00012029311177900831,1.5996211449978714,1.6117041533276186,0.012083008329747087,66.44067796610169,33.559322033898304,9.661016949152543,51.186440677966104,9.322033898305085
ALL,combined,6.49159590566577,6.125093369500049,-0.3665025361657208,6.028149832255632,4.6116046684378045,-1.416545163817829,0.8225514510708377,0.8226238956681633,7.24445973256132e-05,1.5996211449978714,1.6109758779153986,0.01135473291752702,66.10169491525424,33.89830508474576,11.694915254237289,51.186440677966104,9.491525423728813
IoBT_GUNFIRE,l1,6.2932329204851625,9.065304685466211,2.772071764981049,5.017216835824277,6.91446895526131,1.8972521194370324,0.8216764472990076,0.8265274368073484,0.0048509895083409344,1.5691119073742654,1.6849024425264936,0.11579053515222817,75.56561085972851,24.43438914027149,17.194570135746606,52.94117647058824,9.95475113122172
IoBT_GUNFIRE,mrstft,6.2932329204851625,6.139643973759396,-0.15358894672576542,5.017216835824277,4.36911228896212,-0.6481045468621571,0.8216764472990076,0.8218168099326092,0.00014036263360152446,1.5691119073742654,1.5804633438856892,0.011351436511423793,69.00452488687783,30.995475113122172,7.918552036199094,48.86877828054298,7.918552036199094
IoBT_GUNFIRE,combined,6.2932329204851625,5.907548948821119,-0.3856839716640434,5.017216835824277,4.221680873410341,-0.7955359624139363,0.8216764472990076,0.8217612317245393,8.478442553172016e-05,1.5691119073742654,1.579901516976939,0.01078960960267356,70.13574660633483,29.86425339366516,9.728506787330318,48.86877828054298,8.144796380090497
EXISTING_PROXY,l1,7.084004280326773,7.768484802155227,0.684480521828454,9.047287564841167,5.197440167421628,-3.849847397419538,0.8251646380110331,0.7975597626905111,-0.027604875320522033,1.690736570873776,1.7048571584997951,0.014120587626019039,60.13513513513513,39.86486486486486,16.89189189189189,50.0,13.513513513513514
EXISTING_PROXY,mrstft,7.084004280326773,6.759579082057384,-0.3244251982693894,9.047287564841167,5.738547109418545,-3.3087404554226216,0.8251646380110331,0.8252249937670989,6.0355756065818175e-05,1.690736570873776,1.70500440855284,0.014267837679063951,58.78378378378378,41.21621621621622,14.864864864864865,58.108108108108105,13.513513513513514
EXISTING_PROXY,combined,7.084004280326773,6.774786842068204,-0.3092174382585687,9.047287564841167,5.776106813046847,-3.2711807517943194,0.8251646380110331,0.8252002298781757,3.559186714251e-05,1.690736570873776,1.7037790369343113,0.013042466060535328,54.054054054054056,45.94594594594595,17.56756756756757,58.108108108108105,13.513513513513514
