objective,step,train_loss,validation_loss
L1_ONLY,1000,0.022467264762148262,
L1_ONLY,2000,0.021575767000205814,
L1_ONLY,3000,0.02057900862209499,
L1_ONLY,4000,0.019302894709631802,
L1_ONLY,5000,0.019337784124305472,0.015189671720046613
L1_ONLY,6000,0.018752786419354378,
L1_ONLY,7000,0.018615350142121314,
L1_ONLY,8000,0.018181034221081062,
L1_ONLY,9000,0.01825947569590062,
L1_ONLY,10000,0.018195178172551094,0.014075746410920964
L1_ONLY,11000,0.017298398646758868,
L1_ONLY,12000,0.01725871257740073,
L1_ONLY,13000,0.01703512862045318,
L1_ONLY,14000,0.016999967185780406,
L1_ONLY,15000,0.01715250080754049,0.013670573858702082
L1_ONLY,16000,0.016520766443340107,
L1_ONLY,17000,0.01652905187406577,
L1_ONLY,18000,0.016343335608020426,
L1_ONLY,19000,0.016366889921948315,
L1_ONLY,20000,0.01642638035188429,0.013472446609856718
L1_ONLY,21000,0.015915500591043383,
L1_ONLY,22000,0.015860261553199962,
L1_ONLY,23000,0.015763651558198036,
L1_ONLY,24000,0.015888617274351417,
L1_ONLY,25000,0.01592740627285093,0.013316112305274455
MRSTFT_ONLY,1000,2.728663905739784,
MRSTFT_ONLY,2000,2.026519484460354,
MRSTFT_ONLY,3000,1.8719570149183273,
MRSTFT_ONLY,4000,1.814353066176176,
MRSTFT_ONLY,5000,1.8380062492489815,1.864835308770002
MRSTFT_ONLY,6000,1.8119648858606816,
MRSTFT_ONLY,7000,1.789212143868208,
MRSTFT_ONLY,8000,1.8104728163778783,
MRSTFT_ONLY,9000,1.782119142651558,
MRSTFT_ONLY,10000,1.7588493342399598,1.9246773081310724
MRSTFT_ONLY,11000,1.8020097769200802,
MRSTFT_ONLY,12000,1.8069870303869247,
MRSTFT_ONLY,13000,2.0504905713796617,
MRSTFT_ONLY,14000,1.8663526052832604,
MRSTFT_ONLY,15000,1.7838410413861274,1.827122537160324
MRSTFT_ONLY,16000,1.843623959839344,
MRSTFT_ONLY,17000,1.9059505529403686,
MRSTFT_ONLY,18000,1.8522344152331351,
MRSTFT_ONLY,19000,1.7457645567655564,
MRSTFT_ONLY,20000,1.7243067198991775,1.7652193198769779
MRSTFT_ONLY,21000,1.8764782197773457,
MRSTFT_ONLY,22000,1.7996294245123863,
MRSTFT_ONLY,23000,1.8137280707359313,
MRSTFT_ONLY,24000,1.7735455408096314,
MRSTFT_ONLY,25000,1.7782872173190116,1.8171620995311413
L1_MRSTFT,1000,13.621030083417892,
L1_MRSTFT,2000,10.275975019216537,
L1_MRSTFT,3000,9.552096899986267,
L1_MRSTFT,4000,9.18271031832695,
L1_MRSTFT,5000,9.27714877820015,9.340283893326582
L1_MRSTFT,6000,9.241470432281494,
L1_MRSTFT,7000,9.012002239227295,
L1_MRSTFT,8000,9.116649132966995,
L1_MRSTFT,9000,9.111496047973633,
L1_MRSTFT,10000,8.907828704357147,9.163424863653669
L1_MRSTFT,11000,9.082682109594344,
L1_MRSTFT,12000,8.908072557926179,
L1_MRSTFT,13000,9.02541764140129,
L1_MRSTFT,14000,8.978648388147354,
L1_MRSTFT,15000,8.778009249448775,9.25068430173195
L1_MRSTFT,16000,8.92146626329422,
L1_MRSTFT,17000,8.778484749317169,
L1_MRSTFT,18000,9.265123947620392,
L1_MRSTFT,19000,8.886501029491425,
L1_MRSTFT,20000,8.907931824684143,9.269961756366794
L1_MRSTFT,21000,9.066335537195206,
L1_MRSTFT,22000,9.077494215250015,
L1_MRSTFT,23000,12.625196734666824,
L1_MRSTFT,24000,13.359027668952942,
L1_MRSTFT,25000,10.906930984020233,10.816877442699369
