subset,snr_mean,snr_median,snr_std,snr_ci_low,snr_ci_high,snr_p_val,snr_effect,snr_pos,snr_neg,snr_tied,si_sdr_mean,si_sdr_median,si_sdr_std,si_sdr_ci_low,si_sdr_ci_high,si_sdr_p_val,si_sdr_effect,si_sdr_pos,si_sdr_neg,si_sdr_tied,stoi_mean,stoi_median,stoi_std,stoi_ci_low,stoi_ci_high,stoi_p_val,stoi_effect,stoi_pos,stoi_neg,stoi_tied,pesq_mean,pesq_median,pesq_std,pesq_ci_low,pesq_ci_high,pesq_p_val,pesq_effect,pesq_pos,pesq_neg,pesq_tied,pair
ALL,2.614907345237305,2.3448312282562256,4.326589901146956,2.273393461302365,2.965619511530197,1.276523990671298e-43,0.6043806796997577,466,124,0,1.8721519807213485,1.6279644590919835,4.689372783126223,1.489286183501672,2.2348427543941813,3.0156263486599324e-26,0.39923291819705947,425,165,0,-0.0033629262663943723,0.0009197143598562718,0.04933954864467152,-0.007371497066509293,0.0006760811548137436,0.8750236551002588,-0.0681588372567643,307,283,0,0.07893215438066903,0.046790361404418945,0.2611794985060192,0.05866216025110019,0.10087148263292794,1.4122581813516467e-24,0.3022142045304905,413,177,0,l1 - combined
IoBT_GUNFIRE,3.157755736645092,2.8323758766055107,4.338483928193399,2.747817845036891,3.5598300481436356,2.7898618827098293e-40,0.72784774333831,358,84,0,2.692788081850969,2.4365668063150485,4.513523227432524,2.2766279953668187,3.1119767704436043,1.0474608846182398e-32,0.59660445868199,347,95,0,0.004766205082809214,0.003602850519368428,0.046789229933878726,0.0004470933171150436,0.009096896437273702,7.189157095003762e-05,0.10186543120168223,263,179,0,0.1050009255495546,0.056639015674591064,0.25204186121498584,0.08245680249924034,0.12902076456072104,2.2097464176532956e-27,0.4166011353962795,332,110,0,l1 - combined
EXISTING_PROXY,0.9936979600870227,1.2366721034049988,3.860465550426314,0.3749537379528096,1.6066563006968713,1.0779839489309788e-05,0.25740365950870564,108,40,0,-0.578666645625219,0.2013707163889007,4.336540231834296,-1.2759835901792487,0.1077736959152675,0.7681484057580868,-0.1334397041626087,78,70,0,-0.027640467187664542,-0.008485146429677348,0.04878320260591027,-0.03582176575103014,-0.020192652245730414,1.6606336361482102e-10,-0.566598044227539,44,104,0,0.001078121565483712,0.01571720838546753,0.27226722088179617,-0.04069981659586361,0.047772465404626416,0.12997808678409603,0.00395979200871843,81,67,0,l1 - combined
ALL,0.17005975006969046,0.34920811653137207,1.5378806141863013,0.047681536072454754,0.29268136999601396,3.774534846555577e-11,0.11058059286329566,411,179,0,0.10102686362186027,0.058201933705831266,1.6335075976065885,-0.03006642167106697,0.23414915560865088,8.981913515204587e-05,0.06184658324814932,346,244,0,4.78485144533951e-05,2.153195277915243e-05,0.00011575482362038143,3.8766464369754815e-05,5.729805618252781e-05,4.644411261790268e-18,0.4133608687471596,373,217,0,0.0007282754122200658,0.0007126927375793457,0.039745396150802505,-0.0025809292267944856,0.003830399482937182,8.54715829375388e-05,0.01832351624970182,346,244,0,mrstft - combined
IoBT_GUNFIRE,0.23209502493827794,0.3680190443992615,1.4565054817751883,0.09772602863382229,0.37023676462825456,2.010502845247009e-11,0.15935060172612645,317,125,0,0.14743141555177905,0.0616429059013357,1.559292395313009,0.0020784466124535647,0.29154094633720673,0.0001166406277862683,0.0945502049486902,260,182,0,5.557820806980429e-05,2.5075134199914473e-05,0.00011213361030562974,4.515870763982053e-05,6.631722346005924e-05,8.783248395998555e-19,0.4956427240532177,294,148,0,0.0005618269087502319,0.0006684064865112305,0.03359029898012079,-0.0028025586815441355,0.003641403557488278,0.0011182938575345883,0.01672586805740339,258,184,0,mrstft - combined
EXISTING_PROXY,-0.015207760010820788,0.2049577236175537,1.7455579305730644,-0.3064952138087687,0.25571938014488543,0.0818463277189536,-0.008712263136307427,94,54,0,-0.0375597036283027,0.05466950503731782,1.8304017576019995,-0.34001313983074105,0.24776243439609688,0.22124694413958468,-0.020519923274936912,86,62,0,2.476388892330818e-05,6.812832718139372e-06,0.0001230950375695253,4.666830644494862e-06,4.502014592189466e-05,0.035732781312954896,0.20117698822197677,79,69,0,0.0012253716185286238,0.0008752942085266113,0.05410574660944268,-0.008085872796741691,0.009546431053329158,0.03296594380998252,0.02264771665335025,88,60,0,mrstft - combined
ALL,2.4448475951676145,2.1173276379704475,4.128532147425072,2.1162027100207665,2.7837243241988023,2.6939116160825194e-41,0.5921832525132313,458,132,0,1.7711251170994882,1.474200882878486,4.62492479972591,1.3952829058721274,2.1425372348727967,2.6739416050941827e-23,0.38295219788318535,416,174,0,-0.0034107747808477676,0.0008399876717219423,0.04933868604791797,-0.007359376055360882,0.0005161719365295917,0.905549034805907,-0.06912982598554017,305,285,0,0.07820387896844896,0.045546650886535645,0.2591709651194748,0.057548855361291916,0.09973403069932582,2.218206339440853e-23,0.30174629682147414,414,176,0,l1 - mrstft
IoBT_GUNFIRE,2.925660711706814,2.7139196172356606,4.176827433688692,2.5461516365502663,3.3141362245228327,7.07252628666747e-38,0.700450463456918,353,89,0,2.5453566662991896,2.3107740567388895,4.5504339106736165,2.114855821731793,2.9667120179013966,9.727269891343049e-29,0.5593657036373464,337,105,0,0.00471062687473941,0.003516211922578505,0.046796104010686304,0.00023791861359345756,0.009016710524847047,8.372959178451358e-05,0.1006628003404663,262,180,0,0.10443909864080438,0.054296791553497314,0.25105649482320336,0.08199051061636721,0.12886269381143386,8.636849867691285e-27,0.41599839396447996,331,111,0,l1 - mrstft
EXISTING_PROXY,1.0089057200978435,1.0887698829174042,3.618635126915482,0.4269841793889961,1.5866487219983174,1.3425523106757893e-05,0.2788083585973016,105,43,0,-0.5411069419969163,0.3544405100025232,4.036646498916945,-1.215806784873699,0.08836761417778338,0.7593889161054581,-0.13404863223522256,79,69,0,-0.027665231076587856,-0.008536308046835972,0.04877536021599123,-0.0357794370161312,-0.020020556258820845,1.446693816470461e-10,-0.567196858292349,43,105,0,-0.00014725005304491197,0.012520313262939453,0.26709522341393377,-0.041292268762717375,0.046667527467817826,0.24447397288293882,-0.0005513017086670606,83,65,0,l1 - mrstft
