initialization,step,loss,snr,si_sdr,stoi,pesq
RANDOM,1,15.309197425842285,-13.913976677577011,-15.63742,0.7305726410660547,1.61149562895298
RANDOM,50,9.007127285003662,2.4502856750041246,1.6724623,0.7308321564369142,1.4005221277475357
RANDOM,100,7.829389810562134,3.0357434786856174,1.746599,0.7351062315191207,1.3989857882261276
RANDOM,150,6.3259358406066895,4.445707090198994,2.1194837,0.741571850734664,1.4805404990911484
RANDOM,200,5.234509706497192,8.647731766104698,7.2123966,0.7794709116832075,1.537871167063713
RANDOM,250,5.211767196655273,7.554862052202225,6.273632,0.7990526741976903,1.5318744480609894
RANDOM,300,4.98448371887207,8.364303791895509,6.975623,0.7971773878830299,1.5427518039941788
RANDOM,350,5.116312623023987,8.074297355487943,6.7463875,0.8236451674998848,1.669632688164711
RANDOM,400,5.577782392501831,7.191236615180969,5.5376835,0.8110823901101307,1.6264491826295853
RANDOM,450,5.399747848510742,8.125750180333853,6.798866,0.8216337929002508,1.633208304643631
RANDOM,500,4.666624069213867,9.268506933003664,8.120104,0.8402781334943337,1.7323119789361954
RANDOM,550,4.443378448486328,11.088303308933973,10.024037,0.8530378087292607,1.7996140122413635
RANDOM,600,4.282677054405212,10.392633625306189,9.305347,0.8582423167523416,1.8657263666391373
RANDOM,650,3.984673261642456,11.741178538650274,10.736279,0.8694150747184438,2.0026202648878098
RANDOM,700,3.8431307077407837,11.98355346918106,10.996353,0.8753130177994994,2.0490294843912125
RANDOM,750,3.9851491451263428,11.525529827922583,10.508375,0.8757129880786338,2.046616494655609
RANDOM,800,3.8415744304656982,12.600140869617462,11.657537,0.88580803042785,2.1202156990766525
RANDOM,850,4.063437461853027,11.24359106644988,10.308332,0.8893339520004053,2.120842918753624
RANDOM,900,3.6313947439193726,12.705296203494072,11.776936,0.8957335537991863,2.2061763405799866
RANDOM,950,3.480523109436035,13.316105883568525,12.405895,0.9000543465161742,2.267880544066429
RANDOM,1000,3.5497794151306152,12.36291354522109,11.448282,0.8986769596146109,2.2223936319351196
IDENTITY,1,8.72782850265503,-2.7504827198572457,-3.4488068,0.7313947584651675,1.4715839177370071
IDENTITY,50,7.526598691940308,4.687880650162697,3.3072474,0.7327175945923985,1.3954921662807465
IDENTITY,100,5.614971876144409,8.301723338663578,6.7766514,0.7660367242831008,1.4805380702018738
IDENTITY,150,4.707343816757202,10.451788377249613,9.284753,0.8092526603787796,1.5751322209835052
IDENTITY,200,4.607765436172485,11.07301140204072,9.994625,0.8226954575323859,1.6441552937030792
IDENTITY,250,4.04262375831604,11.90285712480545,10.881586,0.8480659925581988,1.843649461865425
IDENTITY,300,3.9933888912200928,11.976339500397444,10.9626255,0.8578437377783991,1.8981259912252426
IDENTITY,350,3.8843568563461304,12.410047966986895,11.479219,0.8695666734023129,1.9724888056516647
IDENTITY,400,3.6923147439956665,12.628649808466434,11.699857,0.8789969736969095,2.079838514328003
IDENTITY,450,3.63309109210968,12.594595067203045,11.696349,0.8846719736852188,2.065889611840248
IDENTITY,500,3.861738085746765,13.230659626424313,12.32164,0.8917312444495215,2.251683861017227
IDENTITY,550,3.400631904602051,13.167210407555103,12.282452,0.8947043592385788,2.2987719625234604
IDENTITY,600,3.321716785430908,13.209267407655716,12.30062,0.898818003166214,2.326687842607498
IDENTITY,650,3.255039691925049,13.463219851255417,12.562694,0.9047733840415384,2.387932136654854
IDENTITY,700,3.1716657876968384,13.836301304399967,12.945665,0.9088381067818783,2.4623003154993057
IDENTITY,750,3.589888572692871,13.310719449073076,12.403281,0.9120217566235977,2.5061553567647934
IDENTITY,800,3.168994665145874,13.330479748547077,12.434698,0.9099143878031826,2.504484251141548
IDENTITY,850,3.2533183097839355,13.735018968582153,12.8455105,0.9152802895047056,2.5979934334754944
IDENTITY,900,3.1552252769470215,13.47398903220892,12.59997,0.9187241728616176,2.612285390496254
IDENTITY,950,3.006606936454773,13.883862048387527,13.024391,0.9205805561403788,2.6716765463352203
IDENTITY,1000,2.8674782514572144,14.285314381122589,13.427411,0.9219387888081506,2.6866699308156967
