timestamp,frames_processed,p50_ms,p95_ms,p99_ms,max_ms,deadline_misses,cpu_percent,ram_mb,temp_c,throttled,nan_inf_count,state_resets,dropped_frames,underruns,overruns
1790712275.6817517,400,5.33139705657959,5.592858791351318,6.122536659240722,8.28695297241211,0,31.2,257.6875,46.1,throttled=0x0,0,1,0,0,0
1790712282.149232,400,5.472898483276367,5.6288838386535645,5.818586349487304,11.74020767211914,0,32.2,257.8125,46.6,throttled=0x0,0,1,0,0,0
1790712288.6017654,400,5.472302436828613,5.647444725036621,5.704782009124756,6.213665008544922,0,32.2,257.84375,48.3,throttled=0x0,0,1,0,0,0
1790712295.0555139,400,5.656003952026367,5.727803707122803,5.858616828918456,6.349086761474609,0,32.8,257.84375,47.7,throttled=0x0,0,1,0,0,0
1790712301.5090535,400,5.656003952026367,5.705368518829346,5.839409828186031,6.305932998657227,0,32.8,257.859375,47.7,throttled=0x0,0,1,0,0,0
1790712307.9629066,400,5.632162094116211,5.717635154724121,6.298015117645264,6.3648223876953125,0,32.5,257.96875,47.7,throttled=0x0,0,1,0,0,0
1790712314.4168591,400,5.489826202392578,5.692660808563232,6.166977882385254,6.404876708984375,0,32.0,257.96875,48.8,throttled=0x0,0,1,0,0,0
1790712320.8705165,400,5.648374557495117,5.728769302368164,5.926120281219479,6.394147872924805,0,32.6,257.96875,49.4,throttled=0x0,0,1,0,0,0
1790712327.3243463,400,5.655050277709961,5.728256702423096,6.2595534324646,6.460428237915039,0,32.7,257.96875,48.8,throttled=0x0,0,1,0,0,0
