example_id,test_category,in_snr,v1_snr,v2_snr,in_sdr,v1_sdr,v2_sdr,in_stoi,v1_stoi,v2_stoi,in_pesq,v1_pesq,v2_pesq,v1_snr_imp,v2_snr_imp,v1_sdr_imp,v2_sdr_imp,v2_minus_v1_snr,v2_minus_v1_sdr,v2_minus_v1_stoi,v2_minus_v1_pesq
gold_test_0000,impulsive,-4.801644682884216,-3.472568094730377,-3.7363380193710327,-5.5714865,-5.3079233,-5.3771467,0.7088321608343612,0.7090281425672136,0.7089593992980516,1.0287601947784424,1.028689980506897,1.0285842418670654,1.3290765881538391,1.0653066635131836,0.26356316,0.19433975,-0.2637699246406555,-0.069223404,-6.874326916195272e-05,-0.00010573863983154297
gold_test_0001,nonstationary,2.361280173063278,3.5638368129730225,3.3993172645568848,1.5404044,1.6457787,1.7145182,0.8751460566465076,0.8752134846542458,0.8753066380072414,1.532884955406189,1.5075712203979492,1.525954246520996,1.2025566399097443,1.0380370914936066,0.10537422,0.17411375,-0.1645195484161377,0.06873953,9.31533529956452e-05,0.018383026123046875
gold_test_0002,nonstationary,3.718048334121704,4.641364812850952,4.591728746891022,3.143804,2.9274342,3.084136,0.5750979128783384,0.5758296073132434,0.5754998072217612,1.16587233543396,1.179675579071045,1.1791913509368896,0.923316478729248,0.8736804127693176,-0.21636987,-0.059668064,-0.04963606595993042,0.1567018,-0.0003298000914822019,-0.00048422813415527344
gold_test_0003,nonstationary,0.2165512554347515,0.8217623084783554,1.3826639950275421,-0.6187481,-1.2488824,-0.4408931,0.776828385991232,0.7769109065697366,0.7770616427465441,1.0938552618026733,1.1021654605865479,1.0976048707962036,0.6052110530436039,1.1661127395927906,-0.6301343,0.17785501,0.5609016865491867,0.8079893,0.00015073617680749773,-0.004560589790344238
gold_test_0004,nonstationary,6.061318516731262,7.17050313949585,7.196177244186401,2.5787127,2.657415,2.892083,0.7933490836145884,0.7938353964302849,0.7937271636920884,1.2672772407531738,1.2656852006912231,1.2683570384979248,1.1091846227645874,1.1348587274551392,0.07870221,0.31337023,0.025674104690551758,0.23466802,-0.00010823273819648982,0.00267183780670166
gold_test_0005,nonstationary,14.160053730010986,13.16469430923462,11.524139642715454,13.364025,12.455541,10.352126,0.8848066989671289,0.8846392115132198,0.8846075687209178,1.5712435245513916,1.5842734575271606,1.5861625671386719,-0.9953594207763672,-2.6359140872955322,-0.90848446,-3.011899,-1.640554666519165,-2.1034145,-3.164279230194467e-05,0.0018891096115112305
gold_test_0006,nonstationary,6.694241166114807,8.287845253944397,8.016523122787476,5.1654367,5.890124,5.7305174,0.9698523642819558,0.9698703758770316,0.969902563070297,1.3081063032150269,1.3149489164352417,1.3170627355575562,1.5936040878295898,1.3222819566726685,0.7246871,0.56508064,-0.2713221311569214,-0.15960646,3.218719326536501e-05,0.002113819122314453
gold_test_0007,nonstationary,9.372400045394897,10.032511949539185,9.750641584396362,7.6388025,7.592124,7.295632,0.9940651556144753,0.9940537667275062,0.9940628160803994,2.056725025177002,1.9979043006896973,2.0237340927124023,0.6601119041442871,0.37824153900146484,-0.046678543,-0.34317064,-0.28187036514282227,-0.2964921,9.049352893142348e-06,0.025829792022705078
gold_test_0008,stationary,1.4357858896255493,3.0810660123825073,2.668006122112274,0.76671803,1.2898097,1.1022441,0.7406115912897093,0.7414600016108326,0.7414032278510994,1.0676610469818115,1.0681819915771484,1.0675350427627563,1.645280122756958,1.2322202324867249,0.5230917,0.3355261,-0.41305989027023315,-0.18756557,-5.677375973323073e-05,-0.0006469488143920898
gold_test_0009,nonstationary,14.34384822845459,6.7425501346588135,5.2350640296936035,13.597219,5.045067,3.7345748,0.9346610072533847,0.935070330578817,0.9350472716276347,2.032017230987549,1.857623815536499,1.9708850383758545,-7.601298093795776,-9.108784198760986,-8.552153,-9.862644,-1.50748610496521,-1.310492,-2.305895118237533e-05,0.11326122283935547
gold_test_0010,nonstationary,3.3095696568489075,2.5303587317466736,-0.7226429134607315,2.0561383,0.12582852,-2.9103632,0.6807379843533872,0.6808315337973659,0.6808416192760431,1.107197880744934,1.1153408288955688,1.159458875656128,-0.7792109251022339,-4.032212570309639,-1.9303098,-4.966501,-3.253001645207405,-3.0361917,1.0085478677201998e-05,0.04411804676055908
gold_test_0011,nonstationary,8.278000354766846,8.2422536611557,7.600908279418945,7.167569,6.31122,5.7358046,0.9000193750418123,0.8997996209861031,0.8999943210960341,1.211739420890808,1.2100869417190552,1.2135162353515625,-0.03574669361114502,-0.6770920753479004,-0.856349,-1.4317646,-0.6413453817367554,-0.5754156,0.00019470010993094533,0.0034292936325073242
gold_test_0012,nonstationary,6.608412265777588,4.176882207393646,7.736299633979797,4.804003,1.2498394,5.052364,0.9769544775036307,0.9770061624461132,0.9769843490857155,1.342153549194336,1.5419883728027344,1.3753608465194702,-2.4315300583839417,1.1278873682022095,-3.5541635,0.24836111,3.559417426586151,3.8025246,-2.1813360397637815e-05,-0.16662752628326416
gold_test_0013,nonstationary,3.284139037132263,5.0077885389328,4.68820720911026,2.553101,3.2460418,3.1215966,0.8063131114874834,0.806918744148695,0.8068817306921584,1.2300686836242676,1.2299057245254517,1.2278318405151367,1.723649501800537,1.4040681719779968,0.6929407,0.5684955,-0.3195813298225403,-0.1244452,-3.7013456536616474e-05,-0.0020738840103149414
gold_test_0014,nonstationary,9.726068377494812,10.164083242416382,9.896710515022278,8.81731,8.797447,8.404641,0.9395763480963242,0.9395036580501981,0.9394234485913282,1.3372031450271606,1.3453150987625122,1.3497881889343262,0.4380148649215698,0.17064213752746582,-0.019863129,-0.41266918,-0.267372727394104,-0.39280605,-8.020945886988429e-05,0.004473090171813965
gold_test_0015,nonstationary,9.18700397014618,10.03119707107544,9.892745018005371,8.102114,8.333999,8.20911,0.7752295111342394,0.775958624813847,0.7758967572523513,1.2263997793197632,1.2302192449569702,1.2298334836959839,0.8441931009292603,0.7057410478591919,0.23188496,0.106996536,-0.13845205307006836,-0.12488842,-6.186756149573203e-05,-0.0003857612609863281
gold_test_0016,stationary,-0.3456360474228859,0.7707487046718597,0.6797082722187042,-1.6880641,-1.9272027,-1.7161674,0.7884909782689651,0.7885113727258144,0.7885091540960286,1.0806353092193604,1.0902278423309326,1.0863943099975586,1.1163847520947456,1.0253443196415901,-0.2391386,-0.028103352,-0.09104043245315552,0.21103525,-2.2186297857773596e-06,-0.0038335323333740234
gold_test_0017,nonstationary,8.402001857757568,9.430312514305115,9.356919527053833,7.244036,7.5767994,7.5333815,0.9727519916156188,0.9727958345046225,0.9726942126775355,1.4435017108917236,1.4577136039733887,1.4556225538253784,1.0283106565475464,0.9549176692962646,0.3327632,0.28934526,-0.07339298725128174,-0.04341793,-0.00010162182708695067,-0.002091050148010254
gold_test_0018,nonstationary,5.358235239982605,7.1316224336624146,6.278392672538757,2.9989936,3.8546786,3.1243095,0.9423158338568229,0.94272352667194,0.9427295528527375,1.2288908958435059,1.244473934173584,1.2431026697158813,1.7733871936798096,0.9201574325561523,0.855685,0.1253159,-0.8532297611236572,-0.7303691,6.026180797480407e-06,-0.0013712644577026367
gold_test_0019,nonstationary,14.595553874969482,5.226314663887024,9.118815064430237,13.784679,3.2510793,7.609626,0.9994853722261279,0.9994625565960455,0.999470320362909,1.5554931163787842,1.5214248895645142,1.5004162788391113,-9.369239211082458,-5.476738810539246,-10.5336,-6.1750536,3.892500400543213,4.3585463,7.763766863400079e-06,-0.021008610725402832
gold_test_0020,nonstationary,11.644097566604614,6.8923914432525635,6.936198472976685,10.195242,4.434456,4.5880804,0.9968047268975282,0.9967828615298657,0.9967786534932699,1.6341238021850586,1.6507186889648438,1.6597776412963867,-4.751706123352051,-4.70789909362793,-5.760786,-5.6071615,0.043807029724121094,0.15362453,-4.208036595843012e-06,0.009058952331542969
gold_test_0021,nonstationary,5.780097842216492,6.733216643333435,6.584555506706238,4.900426,4.8908863,4.880418,0.848775099570752,0.8489280250245997,0.8487724144616907,1.099538803100586,1.1049695014953613,1.1022825241088867,0.9531188011169434,0.8044576644897461,-0.009539604,-0.020008087,-0.14866113662719727,-0.010468483,-0.00015561056290902542,-0.0026869773864746094
gold_test_0022,nonstationary,-4.7206732630729675,-2.913578450679779,-3.2734087109565735,-6.142953,-5.825892,-5.8550305,0.6436980370278028,0.6440533110320904,0.6439355981726324,1.046209692955017,1.048065185546875,1.047461748123169,1.8070948123931885,1.447264552116394,0.31706095,0.28792238,-0.35983026027679443,-0.029138565,-0.00011771285945805232,-0.0006034374237060547
gold_test_0023,nonstationary,3.9087748527526855,4.703672230243683,4.740971028804779,3.8252378,3.5355692,3.7527566,0.8988824290629125,0.8997478901884475,0.89950455272661,1.2286571264266968,1.228989839553833,1.2209620475769043,0.7948973774909973,0.8321961760520935,-0.28966856,-0.072481155,0.03729879856109619,0.2171874,-0.0002433374618374673,-0.008027791976928711
gold_test_0024,stationary,10.771609544754028,11.695938110351562,10.953850746154785,8.628189,9.076191,8.189308,0.9715561252461362,0.9715363601289452,0.9715887302020095,1.9948714971542358,2.0323486328125,1.9685654640197754,0.9243285655975342,0.18224120140075684,0.44800186,-0.43888092,-0.7420873641967773,-0.8868828,5.237007306435615e-05,-0.06378316879272461
gold_test_0025,nonstationary,2.361544668674469,2.8844496607780457,3.773614764213562,1.4476837,0.90044373,1.9649769,0.8700317658912239,0.8707496026925593,0.8705726077202895,1.2466984987258911,1.266175389289856,1.2454360723495483,0.5229049921035767,1.412070095539093,-0.54723996,0.5172932,0.8891651034355164,1.0645332,-0.00017699497226975058,-0.020739316940307617
gold_test_0026,nonstationary,4.612460732460022,6.291570663452148,5.920462608337402,2.652883,3.1613598,3.0092034,0.9353406152127679,0.93534855663199,0.9353565176222823,1.3951101303100586,1.4226925373077393,1.4220163822174072,1.6791099309921265,1.3080018758773804,0.50847673,0.35632038,-0.3711080551147461,-0.15215635,7.960990292321668e-06,-0.0006761550903320312
gold_test_0027,nonstationary,7.522079944610596,8.26711654663086,8.199516534805298,7.2649355,7.3536835,7.3432155,0.8802406138478409,0.880973411245255,0.8809310407277986,1.3297592401504517,1.2972877025604248,1.2965929508209229,0.7450366020202637,0.6774365901947021,0.08874798,0.07827997,-0.06760001182556152,-0.010468006,-4.237051745636933e-05,-0.0006947517395019531
gold_test_0028,nonstationary,7.208009362220764,8.103538751602173,8.258001208305359,5.5546336,5.534839,5.829475,0.977811137327375,0.978074998013093,0.9780136755525788,1.6818242073059082,1.7314648628234863,1.7223920822143555,0.8955293893814087,1.0499918460845947,-0.019794464,0.2748413,0.15446245670318604,0.29463577,-6.132246051426815e-05,-0.00907278060913086
gold_test_0029,impulsive,14.04366135597229,12.3115873336792,13.040695190429688,13.535062,12.542152,12.914353,0.8839456395172763,0.8838255367145766,0.8839476674917619,1.6770093441009521,1.644479751586914,1.6464530229568481,-1.7320740222930908,-1.0029661655426025,-0.99290943,-0.62070847,0.7291078567504883,0.37220097,0.00012213077718525867,0.001973271369934082
gold_test_0030,nonstationary,8.964959979057312,10.197796821594238,9.933205842971802,7.167939,7.708836,7.4684277,0.8608009955744392,0.8616061415742576,0.8614817199327109,1.3633441925048828,1.3542712926864624,1.3501429557800293,1.2328368425369263,0.9682458639144897,0.5408969,0.30048847,-0.2645909786224365,-0.24040842,-0.00012442164154669033,-0.0041283369064331055
gold_test_0031,nonstationary,4.8963406682014465,6.264127492904663,5.932628512382507,4.6418934,5.0820866,4.8517456,0.9801360805513931,0.9805157219870981,0.980500225667105,1.3297768831253052,1.7659404277801514,1.7580782175064087,1.3677868247032166,1.0362878441810608,0.44019318,0.20985222,-0.33149898052215576,-0.23034096,-1.5496319993091312e-05,-0.007862210273742676
gold_test_0032,nonstationary,-1.7314413189888,0.1909070834517479,-0.600840374827385,-2.9279337,-2.3812797,-2.9064236,0.8093631111939718,0.8095556209453924,0.8093608584066283,1.0928030014038086,1.0960628986358643,1.1013418436050415,1.922348402440548,1.130600944161415,0.546654,0.021510124,-0.7917474582791328,-0.52514386,-0.00019476253876404837,0.005278944969177246
gold_test_0033,nonstationary,-3.1929707527160645,-1.2183919548988342,-2.1897944808006287,-4.2830305,-3.5066593,-4.210739,0.8246965945002922,0.8251758408130884,0.8251976940535954,1.1708388328552246,1.1842654943466187,1.1995007991790771,1.9745787978172302,1.0031762719154358,0.77637124,0.072291374,-0.9714025259017944,-0.70407987,2.1853240507074823e-05,0.015235304832458496
gold_test_0034,nonstationary,-2.0674528181552887,-1.3514013588428497,-1.895642727613449,-3.3988662,-3.840849,-4.172393,0.6913140347560836,0.6917177455911593,0.6916533805193129,1.049729824066162,1.050534725189209,1.0505622625350952,0.716051459312439,0.1718100905418396,-0.44198275,-0.77352667,-0.5442413687705994,-0.33154392,-6.436507184637286e-05,2.753734588623047e-05
gold_test_0035,nonstationary,11.70621395111084,10.806227922439575,10.53043246269226,10.303794,8.87332,8.571459,0.8803951884458465,0.8807766260001203,0.8807123661129295,1.216281533241272,1.2158979177474976,1.2156996726989746,-0.8999860286712646,-1.175781488418579,-1.4304743,-1.7323351,-0.27579545974731445,-0.3018608,-6.425988719083175e-05,-0.00019824504852294922
gold_test_0036,nonstationary,10.011962652206421,10.897175073623657,10.822305679321289,8.045486,8.346765,8.290537,0.9218863586207908,0.9222799619052684,0.9221632957216832,1.1211471557617188,1.1259392499923706,1.1245448589324951,0.8852124214172363,0.8103430271148682,0.3012781,0.24505043,-0.07486939430236816,-0.056227684,-0.0001166661835851901,-0.0013943910598754883
gold_test_0037,stationary,3.3305665850639343,5.012301802635193,4.663902521133423,3.3783026,3.9549968,3.7596426,0.7264074601288564,0.7271147561848943,0.726905430971347,1.1088944673538208,1.1078896522521973,1.1081310510635376,1.6817352175712585,1.3333359360694885,0.57669425,0.38134003,-0.34839928150177,-0.19535422,-0.00020932521354732891,0.00024139881134033203
gold_test_0038,impulsive,12.570470571517944,10.637789964675903,9.951228499412537,11.265514,8.771801,8.024853,0.7866329695118647,0.787138037619211,0.7871020558410402,1.1864832639694214,1.1929309368133545,1.1582069396972656,-1.932680606842041,-2.6192420721054077,-2.4937134,-3.2406616,-0.6865614652633667,-0.74694824,-3.598177817076831e-05,-0.03472399711608887
gold_test_0039,nonstationary,-1.4794379472732544,0.3359171003103256,-0.06418563425540924,-2.6107478,-1.924423,-2.1287134,0.7529944540540253,0.7531618872505514,0.7531082419764178,1.0741643905639648,1.07707679271698,1.0757770538330078,1.81535504758358,1.4152523130178452,0.68632483,0.48203444,-0.40010273456573486,-0.20429039,-5.364527413365128e-05,-0.001299738883972168
gold_test_0040,nonstationary,14.204480648040771,13.565837144851685,13.884292840957642,13.298746,13.53388,13.224507,0.9227540207753498,0.9233748621327867,0.9232317042539429,1.4491841793060303,1.494721531867981,1.4871219396591187,-0.6386435031890869,-0.3201878070831299,0.23513412,-0.07423878,0.31845569610595703,-0.3093729,-0.00014315787884389142,-0.007599592208862305
gold_test_0041,nonstationary,3.350648581981659,3.690667748451233,3.568510115146637,1.6561661,0.88110864,0.9681109,0.7269581049216826,0.7270271225486429,0.7270262937741301,1.0678677558898926,1.0718408823013306,1.0702792406082153,0.340019166469574,0.21786153316497803,-0.77505744,-0.68805516,-0.12215763330459595,0.08700228,-8.287745127955048e-07,-0.0015616416931152344
gold_test_0042,nonstationary,4.207059442996979,5.224816799163818,4.949955642223358,1.1985246,0.94477594,0.9601206,0.7074019753924877,0.7075361364830959,0.7076726893897679,1.0611516237258911,1.0614432096481323,1.061226487159729,1.0177573561668396,0.7428961992263794,-0.25374866,-0.23840398,-0.2748611569404602,0.015344679,0.00013655290667202724,-0.0002167224884033203
gold_test_0043,nonstationary,6.42012357711792,7.259231209754944,7.022264003753662,5.340374,5.2965665,5.1728716,0.7360315530461317,0.7366568243765358,0.7366023271771335,1.0980849266052246,1.1097428798675537,1.109739899635315,0.8391076326370239,0.6021404266357422,-0.043807507,-0.1675024,-0.23696720600128174,-0.1236949,-5.449719940231468e-05,-2.9802322387695312e-06
gold_test_0044,nonstationary,12.903754711151123,12.927781343460083,12.983626127243042,12.224875,12.305347,12.15946,0.922235461879989,0.9225109421965676,0.9224152246755103,1.51817786693573,1.5343176126480103,1.5305650234222412,0.02402663230895996,0.07987141609191895,0.08047199,-0.06541538,0.055844783782958984,-0.14588737,-9.571752105730358e-05,-0.003752589225769043
gold_test_0045,nonstationary,-2.490999400615692,-0.9877777099609375,-1.0679841041564941,-3.8509033,-3.6875744,-3.484812,0.7436972027546075,0.7438175521419669,0.743816952440135,1.0796765089035034,1.0930233001708984,1.0877089500427246,1.5032216906547546,1.423015296459198,0.16332889,0.36609125,-0.08020639419555664,0.20276237,-5.997018318604219e-07,-0.005314350128173828
gold_test_0046,nonstationary,10.427664518356323,10.346179008483887,10.562970638275146,8.8755045,8.165747,8.4305935,0.9337966321177062,0.9338159185609836,0.933842305997505,1.3316233158111572,1.3511781692504883,1.3449082374572754,-0.08148550987243652,0.13530611991882324,-0.7097578,-0.444911,0.21679162979125977,0.2648468,2.6387436521391194e-05,-0.006269931793212891
gold_test_0047,nonstationary,-4.119194149971008,-2.9270893335342407,-2.910524904727936,-4.1671724,-4.04649,-3.8547657,0.7454303861766283,0.7456250452388149,0.7455234366069617,1.0531843900680542,1.0612566471099854,1.0576210021972656,1.1921048164367676,1.2086692452430725,0.12068224,0.31240678,0.01656442880630493,0.19172454,-0.00010160863185315616,-0.0036356449127197266
gold_test_0048,nonstationary,-2.8551694750785828,-0.9118523448705673,-1.3158781826496124,-4.8303037,-4.027272,-4.2164803,0.8280704718795281,0.8280420809662857,0.828163000475596,1.088917851448059,1.090973973274231,1.0906649827957153,1.9433171302080154,1.5392912924289703,0.80303144,0.6138234,-0.4040258377790451,-0.18920803,0.00012091950931025774,-0.000308990478515625
gold_test_0049,nonstationary,-1.8699786067008972,-1.080353930592537,-0.8881768584251404,-2.9333684,-3.3064165,-2.9227157,0.5788542784775144,0.5792287338445965,0.5792174199394236,1.0294175148010254,1.0305002927780151,1.0294548273086548,0.7896246761083603,0.9818017482757568,-0.37304807,0.0106527805,0.19217707216739655,0.38370085,-1.131390517294939e-05,-0.0010454654693603516
gold_test_0050,nonstationary,0.5073239281773567,1.9860096275806427,-0.6915893405675888,-0.08768105,0.27642372,-2.2009728,0.8121852595804957,0.8127073309711047,0.8126769851795099,1.0461057424545288,1.0505954027175903,1.0656098127365112,1.478685699403286,-1.1989132687449455,0.36410478,-2.1132917,-2.6775989681482315,-2.4773965,-3.0345791594776905e-05,0.015014410018920898
gold_test_0051,nonstationary,2.367507219314575,3.6979854106903076,3.4190785884857178,-0.06912667,0.10641012,0.062157247,0.7478198322619029,0.7479232771682984,0.7478949685503407,1.3787789344787598,1.3907887935638428,1.3889824151992798,1.3304781913757324,1.0515713691711426,0.1755368,0.13128392,-0.27890682220458984,-0.044252876,-2.8308617957772952e-05,-0.0018063783645629883
gold_test_0052,nonstationary,0.28202615678310394,1.8379135429859161,1.5676522254943848,-0.9234703,-0.62224936,-0.62675226,0.7452851868012353,0.7454947219762372,0.7454060789113938,1.0461348295211792,1.0460249185562134,1.0460385084152222,1.5558873862028122,1.2856260687112808,0.30122095,0.29671806,-0.27026131749153137,-0.0045028925,-8.864306484346329e-05,1.3589859008789062e-05
gold_test_0053,nonstationary,-3.9913812279701233,-2.6377347111701965,-2.9846498370170593,-5.202808,-5.0237904,-5.1790805,0.614070332539331,0.6144880386297936,0.6144935768760489,1.0742636919021606,1.076859951019287,1.0764803886413574,1.3536465167999268,1.006731390953064,0.17901754,0.023727417,-0.3469151258468628,-0.15529013,5.538246255265555e-06,-0.0003795623779296875
gold_test_0054,nonstationary,-0.6119811162352562,1.347077339887619,0.9619978070259094,-1.9979285,-1.3350667,-1.4495018,0.7234685544243571,0.7237735274496018,0.7237310524663635,1.173653244972229,1.1775648593902588,1.1777616739273071,1.9590584561228752,1.5739789232611656,0.6628618,0.54842675,-0.3850795328617096,-0.11443508,-4.247498323828314e-05,0.00019681453704833984
gold_test_0055,impulsive,-4.958295822143555,-5.138900876045227,-4.478367269039154,-5.4061155,-6.9723654,-5.9763527,0.552769889319636,0.5526851449738018,0.5526236501940925,1.0299303531646729,1.0311640501022339,1.0299654006958008,-0.18060505390167236,0.47992855310440063,-1.5662498,-0.57023716,0.660533607006073,0.9960127,-6.14947797092924e-05,-0.0011986494064331055
gold_test_0056,stationary,-4.388498365879059,-3.48687082529068,-3.5173586010932922,-6.458295,-6.8101873,-6.5217805,0.4612216735352482,0.4616933033492011,0.46169362975340006,1.0338729619979858,1.0370057821273804,1.0350641012191772,0.9016275405883789,0.8711397647857666,-0.35189247,-0.06348562,-0.030487775802612305,0.28840685,3.264041989470279e-07,-0.001941680908203125
gold_test_0057,nonstationary,-1.2466439604759216,0.250396728515625,-0.0009490832599112764,-3.328385,-3.207159,-3.1594224,0.828635347782919,0.8286778671209142,0.8287154215948558,1.1407102346420288,1.1450719833374023,1.1440330743789673,1.4970406889915466,1.2456948772160104,0.12122607,0.16896272,-0.2513458117755363,0.047736645,3.7554473941603383e-05,-0.0010389089584350586
gold_test_0058,nonstationary,0.46150684356689453,1.522926390171051,1.0750940442085266,-0.20786808,-0.1446611,-0.412762,0.7361140939241592,0.7363912342618268,0.7364160600492814,1.045374870300293,1.0462901592254639,1.0459460020065308,1.0614195466041565,0.6135872006416321,0.063206986,-0.2048939,-0.4478323459625244,-0.2681009,2.4825787454552106e-05,-0.00034415721893310547
gold_test_0059,nonstationary,1.0127441585063934,2.4634653329849243,2.1284179389476776,0.077591725,0.36537927,0.2611951,0.7131057640165458,0.7134903683946111,0.7134823501924301,1.0749895572662354,1.0762355327606201,1.0756189823150635,1.4507211744785309,1.1156737804412842,0.28778756,0.18360338,-0.3350473940372467,-0.10418418,-8.018202180992695e-06,-0.0006165504455566406
gold_test_0060,impulsive,2.7587398886680603,3.559618890285492,3.4869036078453064,1.9540728,1.5584869,1.7253559,0.8095625908992106,0.8096484972917809,0.8095712063530096,1.148067593574524,1.1453653573989868,1.145823359489441,0.8008790016174316,0.7281637191772461,-0.3955859,-0.22871697,-0.07271528244018555,0.16686893,-7.729093877129056e-05,0.00045800209045410156
gold_test_0061,nonstationary,10.68459153175354,11.620529890060425,11.770637035369873,8.363715,8.682449,8.881995,0.9420528531848118,0.942010835162338,0.9419803061894151,1.3540209531784058,1.3586323261260986,1.3757388591766357,0.9359383583068848,1.086045503616333,0.31873417,0.51828,0.15010714530944824,0.19954586,-3.0528972922883035e-05,0.01710653305053711
gold_test_0062,nonstationary,-1.7899024486541748,-0.3182614594697952,-0.6104974448680878,-3.7772849,-3.6448998,-3.646183,0.6323156698157885,0.6320703811595301,0.6320337678574137,1.0434603691101074,1.0441687107086182,1.043915867805481,1.4716409891843796,1.179405003786087,0.13238502,0.13110185,-0.29223598539829254,-0.0012831688,-3.661330211635061e-05,-0.00025284290313720703
gold_test_0063,stationary,-0.3530139848589897,1.2965929508209229,1.1727072298526764,-1.1644484,-0.7946688,-0.6387513,0.82778213587401,0.8279087052080075,0.8280794306264185,1.0468641519546509,1.0482170581817627,1.0461792945861816,1.6496069356799126,1.525721214711666,0.3697796,0.52569705,-0.12388572096824646,0.15591747,0.00017072541841101074,-0.0020377635955810547
gold_test_0064,nonstationary,-2.003663033246994,-0.07963068783283234,-0.6449507921934128,-2.7077966,-2.2855492,-2.5324807,0.6865074182795737,0.6866028558847403,0.686541067067661,1.0589178800582886,1.0593286752700806,1.0623204708099365,1.9240323454141617,1.3587122410535812,0.4222474,0.17531586,-0.5653201043605804,-0.24693155,-6.178881707930017e-05,0.002991795539855957
gold_test_0065,nonstationary,10.820831060409546,10.828169584274292,11.14753246307373,9.574953,9.144601,9.45084,0.8983692513643212,0.898345765250017,0.8983544072911274,1.3688900470733643,1.3739120960235596,1.3745359182357788,0.007338523864746094,0.32670140266418457,-0.4303522,-0.12411308,0.3193628787994385,0.30623913,8.642041110396015e-06,0.0006238222122192383
gold_test_0066,nonstationary,12.329670190811157,12.798993587493896,12.941807508468628,10.956115,11.328105,11.322502,0.9722739977250663,0.9722912813707684,0.9723356440330676,1.6622698307037354,1.6906012296676636,1.683223009109497,0.46932339668273926,0.6121373176574707,0.3719902,0.36638737,0.14281392097473145,-0.0056028366,4.436266229923547e-05,-0.007378220558166504
gold_test_0067,nonstationary,-2.0236292481422424,-0.27383724227547646,-0.6400760263204575,-3.2958791,-2.72474,-2.865912,0.7567179504390577,0.7572900299530304,0.7572040700872918,1.0349037647247314,1.0385483503341675,1.0375068187713623,1.749792005866766,1.383553221821785,0.5711391,0.42996716,-0.366238784044981,-0.14117193,-8.595986573856074e-05,-0.0010415315628051758
gold_test_0068,nonstationary,5.64425528049469,3.1052300333976746,4.444621503353119,4.3684835,0.5522492,2.3778322,0.9459705153330592,0.946503178449361,0.9463978075559891,1.4740471839904785,1.5088074207305908,1.5050625801086426,-2.5390252470970154,-1.199633777141571,-3.8162344,-1.9906514,1.3393914699554443,1.825583,-0.00010537089337192551,-0.003744840621948242
gold_test_0069,impulsive,0.6755026429891586,1.704067587852478,0.813998356461525,-1.422329,-1.801065,-2.4538403,0.8305118688091695,0.8305594372387248,0.8305668770358664,1.0712162256240845,1.1747366189956665,1.173540711402893,1.0285649448633194,0.13849571347236633,-0.37873602,-1.0315113,-0.8900692313909531,-0.6527753,7.439797141572946e-06,-0.0011959075927734375
gold_test_0070,nonstationary,-0.8523556590080261,0.8745890110731125,0.32122254371643066,-3.1002614,-2.566422,-2.8977203,0.8345156265678388,0.8347146400827693,0.8348385328701475,1.06724214553833,1.0681090354919434,1.0686933994293213,1.7269446700811386,1.1735782027244568,0.53383946,0.20254111,-0.5533664673566818,-0.33129835,0.0001238927873782325,0.0005843639373779297
gold_test_0071,impulsive,14.219595193862915,3.629399836063385,3.771352767944336,12.790299,1.0837243,1.4330704,0.9968860360240082,0.9968604151598981,0.996861660093633,3.8087997436523438,3.6701228618621826,3.49310040473938,-10.59019535779953,-10.448242425918579,-11.706575,-11.357229,0.14195293188095093,0.34934616,1.2449337348785505e-06,-0.17702245712280273
gold_test_0072,nonstationary,10.556249618530273,11.65770411491394,11.71194076538086,8.762491,9.411026,9.441192,0.9746810355732608,0.9745372561469287,0.9748002846132011,2.3868207931518555,2.409008026123047,2.4108142852783203,1.101454496383667,1.155691146850586,0.6485348,0.67870045,0.054236650466918945,0.030165672,0.00026302846627246357,0.0018062591552734375
gold_test_0073,nonstationary,1.5104347467422485,3.3713898062705994,2.784479558467865,1.1553011,1.8151543,1.4551295,0.9444330527180234,0.9446759158402164,0.9446258878756003,1.1256259679794312,1.1226959228515625,1.1269620656967163,1.8609550595283508,1.2740448117256165,0.6598532,0.2998284,-0.5869102478027344,-0.3600248,-5.002796461606174e-05,0.004266142845153809
gold_test_0074,stationary,4.14374440908432,5.873132348060608,5.562289357185364,4.2352633,4.9720216,4.796759,0.9428813135885682,0.9429659857242301,0.9429859138103255,1.3858814239501953,1.3953766822814941,1.393197774887085,1.7293879389762878,1.4185449481010437,0.73675823,0.5614958,-0.31084299087524414,-0.17526245,1.992808609541097e-05,-0.0021789073944091797
gold_test_0075,nonstationary,2.4382060766220093,3.489008843898773,3.2611024379730225,1.4825393,1.3128223,1.3418757,0.6660306097665094,0.6660956502406754,0.6660407628321753,1.120823860168457,1.123247504234314,1.1225824356079102,1.050802767276764,0.8228963613510132,-0.16971695,-0.14066362,-0.22790640592575073,0.02905333,-5.488740850012608e-05,-0.0006650686264038086
gold_test_0076,nonstationary,2.7667880058288574,3.571063280105591,3.4945204854011536,1.8358814,1.5146024,1.6558732,0.8021001600207469,0.801957046805566,0.802058065599967,1.0642868280410767,1.0646586418151855,1.063759446144104,0.8042752742767334,0.7277324795722961,-0.32127893,-0.18000817,-0.07654279470443726,0.14127076,0.00010101879440094219,-0.000899195671081543
gold_test_0077,stationary,8.156242966651917,7.247031927108765,5.486036539077759,7.7253256,5.900278,4.136643,0.9080836942936439,0.9080546988333079,0.908162466686946,1.4460489749908447,1.4495214223861694,1.4627909660339355,-0.9092110395431519,-2.6702064275741577,-1.8250475,-3.5886827,-1.7609953880310059,-1.7636352,0.0001077678536380855,0.013269543647766113
gold_test_0078,nonstationary,3.7500962615013123,5.096880793571472,3.9409515261650085,2.0674524,2.4063764,1.387784,0.9001483506356207,0.900494673585315,0.9003942246401745,1.0816477537155151,1.080485463142395,1.0829612016677856,1.34678453207016,0.1908552646636963,0.33892393,-0.6796684,-1.1559292674064636,-1.0185924,-0.00010044894514049663,0.002475738525390625
gold_test_0079,nonstationary,11.012241840362549,11.06137990951538,11.429479122161865,9.823714,9.62079,9.898973,0.9247860811356997,0.924845112258944,0.9248576744137428,1.6179429292678833,1.6314774751663208,1.6296653747558594,0.04913806915283203,0.4172372817993164,-0.20292473,0.07525921,0.3680992126464844,0.27818394,1.2562154798834158e-05,-0.0018121004104614258
gold_test_0080,nonstationary,6.406234502792358,7.140363454818726,7.728099226951599,5.3610163,5.1120424,5.908718,0.897928095007095,0.8981942931191039,0.8982125222431745,1.1740306615829468,1.1858197450637817,1.1802979707717896,0.7341289520263672,1.3218647241592407,-0.24897385,0.54770184,0.5877357721328735,0.7966757,1.822912407056787e-05,-0.0055217742919921875
gold_test_0081,nonstationary,7.295587062835693,8.700167536735535,8.459883332252502,6.425483,7.051348,6.86522,0.8762010673498327,0.8765900509103162,0.8765345642425494,1.3521591424942017,1.343376636505127,1.348557472229004,1.4045804738998413,1.164296269416809,0.625865,0.43973684,-0.24028420448303223,-0.18612814,-5.5486667766779796e-05,0.005180835723876953
gold_test_0082,nonstationary,-3.9757031202316284,-3.467646539211273,-4.385550320148468,-4.7463875,-5.6145096,-6.228999,0.7010473165498519,0.7007434531192053,0.7009014981476599,1.0587457418441772,1.0598046779632568,1.0634218454360962,0.5080565810203552,-0.4098471999168396,-0.8681221,-1.4826117,-0.9179037809371948,-0.61448956,0.0001580450284546231,0.0036171674728393555
gold_test_0083,nonstationary,4.204280376434326,4.770177900791168,5.045643448829651,3.2282388,2.6816642,3.1368098,0.7550843609594732,0.7556514983652066,0.7556200535616188,1.1208651065826416,1.1186519861221313,1.1203230619430542,0.565897524356842,0.8413630723953247,-0.5465746,-0.091428995,0.27546554803848267,0.4551456,-3.144480358785451e-05,0.0016710758209228516
gold_test_0084,impulsive,3.46016526222229,3.7737223505973816,3.866285979747772,3.197012,2.428312,2.73239,0.8100073894003244,0.8101258956475949,0.810023693712139,1.2443816661834717,1.2439579963684082,1.2438017129898071,0.31355708837509155,0.4061207175254822,-0.7686999,-0.46462202,0.09256362915039062,0.30407786,-0.00010220193545584788,-0.00015628337860107422
gold_test_0085,nonstationary,10.693296194076538,11.257381439208984,10.927884578704834,9.429743,9.765497,9.240391,0.9185988559045742,0.9188810602088422,0.9188484041136094,1.2926702499389648,1.3067764043807983,1.3058772087097168,0.5640852451324463,0.2345883846282959,0.3357544,-0.18935204,-0.3294968605041504,-0.52510643,-3.265609523284141e-05,-0.000899195671081543
gold_test_0086,nonstationary,-0.1694381982088089,1.6934224963188171,1.0984346270561218,-1.912931,-1.2605197,-1.6509901,0.9117037101083921,0.9120846390108085,0.9120095564703932,1.147732138633728,1.1651800870895386,1.1651357412338257,1.862860694527626,1.2678728252649307,0.6524112,0.26194084,-0.5949878692626953,-0.3904704,-7.508254041532769e-05,-4.4345855712890625e-05
gold_test_0087,nonstationary,12.995082139968872,10.55670976638794,9.027757048606873,11.932155,9.018359,7.26503,0.9787806742170098,0.9787924352949,0.978811082544195,1.5396149158477783,1.5360119342803955,1.533304214477539,-2.4383723735809326,-3.9673250913619995,-2.9137955,-4.6671247,-1.528952717781067,-1.7533293,1.8647249295011825e-05,-0.0027077198028564453
gold_test_0088,nonstationary,-1.8163526058197021,-0.0347333075478673,-0.3433603048324585,-1.8451877,-1.3539462,-1.4132035,0.7592174994100618,0.7593539825611232,0.7594577801143563,1.0446215867996216,1.044583797454834,1.0442875623703003,1.7816192982718349,1.4729923009872437,0.49124146,0.4319842,-0.3086269972845912,-0.05925727,0.00010379755323308704,-0.0002962350845336914
gold_test_0089,nonstationary,-4.715822637081146,-2.8937378525733948,-3.3257025480270386,-5.3613143,-4.572801,-4.848943,0.751213576348493,0.7515177783192145,0.7514171841411569,1.028530240058899,1.0300021171569824,1.029527187347412,1.8220847845077515,1.3901200890541077,0.7885132,0.51237106,-0.4319646954536438,-0.27614212,-0.0001005941780576336,-0.0004749298095703125
gold_test_0090,nonstationary,10.692356824874878,10.817152261734009,9.337719678878784,9.679752,9.444188,7.700887,0.7932729433672426,0.7937491644202128,0.7936940400874909,1.2496439218521118,1.2496535778045654,1.2460300922393799,0.12479543685913086,-1.3546371459960938,-0.23556423,-1.9788651,-1.4794325828552246,-1.7433009,-5.5124332721923075e-05,-0.003623485565185547
gold_test_0091,nonstationary,6.218166947364807,6.524060368537903,6.893215775489807,5.791969,5.2012014,5.7295423,0.7162145464467413,0.7166665685374267,0.7166702358168168,1.0600162744522095,1.0633177757263184,1.0625865459442139,0.3058934211730957,0.675048828125,-0.5907674,-0.062426567,0.3691554069519043,0.5283408,3.6672793900516254e-06,-0.0007312297821044922
gold_test_0092,nonstationary,6.336802244186401,7.627684473991394,7.525658011436462,5.361972,5.7719183,5.793553,0.9353878793910907,0.9356575628325041,0.9356632583624892,1.1711971759796143,1.1850991249084473,1.1818633079528809,1.2908822298049927,1.188855767250061,0.40994644,0.43158102,-0.10202646255493164,0.021634579,5.695529985083603e-06,-0.0032358169555664062
gold_test_0093,nonstationary,4.947671592235565,6.709131598472595,6.252315044403076,3.5623696,4.3197565,4.0284863,0.9324445345888266,0.9330130481474186,0.9329908625260583,1.2979531288146973,1.3174954652786255,1.3171353340148926,1.76146000623703,1.304643452167511,0.7573869,0.46611667,-0.45681655406951904,-0.29127026,-2.218562136024893e-05,-0.00036013126373291016
gold_test_0094,nonstationary,3.9346662163734436,4.090933799743652,3.269059658050537,2.8670309,2.090471,1.4207754,0.7242600802099721,0.7244998289390459,0.724518867568241,1.062252402305603,1.071714997291565,1.0783811807632446,0.15626758337020874,-0.6656065583229065,-0.7765598,-1.4462554,-0.8218741416931152,-0.6696956,1.903862919516719e-05,0.0066661834716796875
gold_test_0095,nonstationary,8.021944761276245,9.234029054641724,9.023991823196411,7.7088537,8.301569,8.106902,0.9360961975410854,0.9363692018748851,0.9363387721177535,1.4012322425842285,1.4140654802322388,1.4101152420043945,1.2120842933654785,1.002047061920166,0.59271526,0.3980484,-0.2100372314453125,-0.19466686,-3.042975713163365e-05,-0.003950238227844238
gold_test_0096,nonstationary,-4.389795660972595,-2.6713258028030396,-3.6515626311302185,-5.822406,-5.2101107,-5.9819646,0.850807670204133,0.8510897446996937,0.851114564892504,1.1065293550491333,1.1294960975646973,1.1506131887435913,1.7184698581695557,0.7382330298423767,0.61229515,-0.15955877,-0.980236828327179,-0.7718539,2.4820192810359742e-05,0.021117091178894043
gold_test_0097,impulsive,8.610778450965881,9.228208661079407,7.396532893180847,7.91957,8.042755,5.955746,0.9426368893498498,0.9426380253990806,0.9425877372045783,2.0117523670196533,1.9293854236602783,1.9499132633209229,0.6174302101135254,-1.2142455577850342,0.12318516,-1.9638238,-1.8316757678985596,-2.087009,-5.028819450225708e-05,0.02052783966064453
gold_test_0098,nonstationary,8.709291815757751,10.112124681472778,9.968380331993103,7.3282385,8.107494,7.9832354,0.864527566270536,0.8652753267151003,0.8650671069827574,1.347588062286377,1.374258279800415,1.3830525875091553,1.4028328657150269,1.2590885162353516,0.77925587,0.6549969,-0.1437443494796753,-0.124258995,-0.00020821973234297353,0.008794307708740234
gold_test_0099,nonstationary,1.5606409311294556,3.2368093729019165,2.8593212366104126,1.5314708,1.883373,1.7436299,0.6667576447325171,0.6665871525859284,0.6666796895583333,1.0570677518844604,1.054869294166565,1.0554301738739014,1.676168441772461,1.298680305480957,0.35190225,0.21215916,-0.3774881362915039,-0.13974309,9.253697240496628e-05,0.0005608797073364258
