snr,sisdr_n_full,sisdr_e_full,sisdr_n_burst,sisdr_e_burst,peak_ratio_db
-5,-5.0351486,6.6831713,35.47425,30.887936,-0.02744049
-5,-5.0051527,5.3918047,19.58982,18.367981,-0.12690282
-5,-4.984357,16.726181,-2.4002805,16.822187,0.075467385
-5,-4.9841075,5.148232,-2.6736465,8.547246,1.2177293
-5,-4.720366,3.331622,14.398183,14.651307,-0.42291677
-5,-5.1150393,10.131262,-8.544024,3.7378197,4.307397
-5,-4.9897337,8.79633,9.475308,10.862284,-0.19874132
-5,-5.071245,10.647192,86.89856,33.989037,-0.012942785
-5,-5.0333924,9.01317,-1.0031598,8.468986,0.50587654
-5,-5.0183177,2.4487066,4.650627,4.717581,1.3267539
-5,-5.081197,6.255346,91.532135,38.06145,-0.003733041
-5,-4.8827667,5.5807424,-3.8703375,7.8772583,0.5305189
-5,-4.848383,1.9628304,-1.138535,4.608783,0.84937465
-5,-4.893245,6.241476,1.8244929,10.45908,-0.13594913
-5,-5.052407,2.4783533,27.149479,27.663061,-0.000259899
-5,-4.9973807,-0.6249559,2.2612398,6.43148,-0.30285758
-5,-4.947941,2.6743555,6.077013,8.991584,-0.55080765
-5,-5.0234737,11.480552,37.09466,26.60424,0.14061852
-5,-4.850527,-4.9259286,-9.988571,-10.245677,4.6510663
-5,-4.4569945,-2.1670272,1.9205271,3.3201385,-0.2521753
-5,-5.053026,3.9263506,13.299614,13.59213,0.15233916
-5,-4.975254,8.204685,-3.3974042,13.46696,0.09993807
-5,-4.916974,5.80079,-0.65292096,8.664283,0.1840243
-5,-4.8031063,5.0107555,-2.9341116,4.631975,-0.7379686
-5,-4.881874,6.62903,-1.1602373,11.539439,-0.055986572
-5,-5.235822,2.5873322,-5.439991,-0.099587575,3.6008646
-5,-4.6577077,4.342092,1.8932645,8.38509,0.67622536
-5,-5.023201,9.629014,0.47690934,16.764694,0.6018654
-5,-5.0594006,4.468048,23.463047,24.28256,-0.011158321
-5,-4.918101,6.0976315,-4.4013553,6.0253215,2.4259043
-5,-4.8385267,0.93594044,0.9639924,5.466012,0.90332484
-5,-5.0071716,9.720878,25.052917,22.989902,-0.15582934
-5,-4.888265,6.5189548,61.88799,32.289253,0.07066418
-5,103.061615,25.936996,98.84408,24.41079,-0.13845114
-5,-4.9298353,3.4249048,-0.5820992,3.6736252,0.98684895
-5,-5.0086813,1.9983159,-8.386665,-1.6552606,8.814602
-5,-5.0745096,8.611528,94.15737,42.518265,-0.009038905
-5,-4.961538,7.0951056,-6.857102,3.5336902,0.059809707
-5,-4.225999,4.714209,12.963329,15.712689,0.2519105
-5,-4.957384,7.1827264,2.8759787,11.797986,-0.37338912
-5,-4.924239,8.465138,-2.10289,8.558752,-0.30053446
-5,-4.992095,-3.084768,-7.8158407,-7.7709103,12.057083
-5,-5.0560436,5.611926,-4.4448223,1.6751963,1.0773371
-5,-4.9991107,7.3077726,90.31525,35.761036,-0.039217114
-5,-4.982396,11.007304,95.27913,35.00673,0.0046861665
-5,-6.0086555,3.891791,28.49953,17.637365,-0.024807747
-5,-4.8208256,1.9023511,89.760544,35.33871,-0.032092065
-5,-4.9457016,7.5234103,3.5220897,16.507666,-0.06958769
-5,-4.95557,1.6053357,88.96142,39.35899,0.004375697
-5,-5.1813626,6.7012744,0.8429855,11.02417,0.082907215
0,-0.019614277,15.699562,40.474262,33.80037,0.031206872
0,-0.002616565,10.71926,24.592894,22.027777,0.04570186
0,0.008796456,7.806497,2.5981288,14.541778,0.0801079
0,0.010681899,7.567604,2.3059475,12.3979645,0.9942618
0,0.15898035,3.2084322,19.425623,19.416851,0.013812119
0,-0.064311475,14.258132,-3.3154883,8.732403,0.08736334
0,0.0057940725,10.679154,14.46783,15.682978,-0.045659952
0,-0.039953906,13.859533,92.01168,32.828064,-0.018418744
0,-0.01873754,12.937569,4.021603,12.493438,0.23902723
0,-0.010269447,9.566518,9.576066,9.30229,1.0398148
0,-0.04372384,9.4728565,96.393745,37.942425,0.0033013867
0,0.06623772,8.093186,1.1103767,10.186967,0.41453665
0,0.085710794,5.6087785,3.8816688,7.5599623,0.57180184
0,0.06029147,9.87262,6.804836,14.189974,-0.07299626
0,-0.02941082,7.5931687,32.149994,30.273535,0.043132648
0,0.0025971392,1.1667371,7.2252493,8.307134,-0.36414135
0,0.029357746,5.1907945,11.112501,13.453097,-0.15359896
0,-0.018530602,12.196946,42.093884,20.962452,0.09934846
0,0.08520011,0.05279682,-5.174032,-5.241955,2.051566
0,0.31188047,3.6914043,6.691377,7.20489,1.11473
0,-0.029738953,5.349913,18.306528,18.292673,0.10064841
0,0.013970941,13.013144,1.5280683,17.108086,0.09105078
0,0.04918694,9.329137,4.341012,12.530458,-0.38989478
0,0.11158421,8.783676,2.043982,8.810008,-1.0560111
0,0.06675114,10.233896,3.8804083,15.560371,-0.04935696
0,-0.13138221,6.994477,-0.40369618,4.24228,3.3815317
0,0.19507384,5.658082,6.79897,9.794368,0.5797062
0,-0.01296205,13.346031,5.459881,19.23021,0.21054254
0,-0.03331847,7.6923823,28.461006,28.156006,-0.0060666827
0,0.046227723,12.3798275,0.53595626,12.177589,0.14656228
0,0.091160536,5.5557275,5.8140492,9.798657,0.11697136
0,-0.0036846183,10.881238,30.060293,23.714085,-0.21865442
0,0.06266503,7.426942,66.888,30.383566,0.08407838
0,103.061615,25.936996,98.84408,24.41079,-0.13845114
0,0.0395743,5.8741026,4.366494,4.1345925,1.1784695
0,-0.004868513,6.054634,-3.3836436,2.4979966,8.432265
0,-0.019467881,10.282073,95.43186,42.625652,-0.00785632
0,0.021661628,9.567921,-2.0353994,6.2137036,0.14696442
0,0.44852257,10.006174,17.96076,20.21435,0.17562656
0,0.0240327,12.107311,7.820227,15.68004,-0.2513125
0,0.042730294,11.545193,2.9064736,11.273825,-0.18266492
0,0.0045137196,1.8460729,-2.8333097,-2.7352927,7.4049387
0,-0.031445686,9.890831,0.62707865,5.6294684,-0.057830304
0,0.0009980482,12.291919,95.31525,35.826256,-0.03746208
0,0.011255635,15.277682,95.27913,34.97294,0.0038830624
0,-0.6883457,6.6438794,33.51795,18.029678,-0.052346118
0,0.1018919,7.4180975,94.95434,33.93765,-0.026122462
0,0.033035,12.153902,8.510476,20.23783,-0.073082924
0,0.025028845,11.863113,93.91163,37.63319,0.013882416
0,-0.101256005,7.912974,5.8883038,14.858028,0.0071643516
5,4.989112,16.886639,45.474266,30.557308,-0.3128072
5,4.998812,15.774738,29.594616,25.959839,-0.020835215
5,5.004945,13.990025,7.597234,22.363956,0.079048045
5,5.007751,10.323437,7.2944517,20.714216,0.081657946
5,5.09039,5.719952,24.441015,24.205877,0.015340965
5,4.964087,16.856161,1.8104355,11.621004,0.0027445145
5,5.0032783,12.115235,19.463621,18.371193,-0.06433339
5,4.9775944,16.749537,94.31098,31.445065,-0.024367476
5,4.9894915,15.163146,9.035497,15.0670805,0.15822305
5,4.9942536,14.668179,14.5338545,15.8832035,0.3950357
5,4.977277,12.999224,97.486,37.896057,0.012569411
5,5.0374274,12.166903,6.099515,13.361261,0.14373145
5,5.048427,8.942151,8.893008,12.78912,0.135945
5,5.034056,13.1285515,11.793761,16.605738,-0.06499215
5,4.9834957,9.586575,37.150272,32.587368,0.051231228
5,5.002584,4.022549,12.2049465,11.166273,-0.22175819
5,5.0165653,12.536143,16.132395,17.747772,-0.15232594
5,4.984249,10.771826,47.09323,17.48019,-0.31279966
5,5.0488467,5.0965357,-0.2800926,-0.2712326,0.15153128
5,5.179159,7.485266,11.559812,11.346158,0.010559196
5,4.9833302,9.854998,23.310413,23.025007,0.045011733
5,5.0079064,15.741144,6.4858727,17.832739,0.029902674
5,5.0301,11.997813,9.337597,15.2187395,-0.14023723
5,5.063239,10.963574,7.0316386,11.742483,-0.9364977
5,5.037728,13.58151,8.903179,17.967686,-0.04984224
5,4.9268017,10.687956,4.6166477,7.960703,1.9055558
5,5.1111794,6.6564474,11.745491,11.044989,0.4858778
5,4.9927907,14.20112,10.450292,18.030136,-0.6590399
5,4.9813137,10.927523,33.459858,31.157173,-0.0152986115
5,5.026104,16.591986,5.500503,16.218813,0.06987845
5,5.0513716,9.889108,10.7285795,14.028216,0.049448214
5,4.9982753,11.628627,35.064434,24.448072,-0.23383972
5,5.0349503,11.734398,71.88733,27.179497,0.2610659
5,103.061615,25.936996,98.84408,24.41079,-0.13845114
5,5.022325,12.644191,9.337451,12.373407,0.75910234
5,4.997274,10.60914,1.6180575,7.127723,4.6038184
5,5.0113297,13.451002,95.43186,42.922405,-0.008579222
5,5.0122013,11.703169,2.8627036,8.074583,-0.01841096
5,5.259991,14.689789,22.959312,24.441664,0.10809228
5,5.0135636,16.474625,12.78872,20.530424,-0.060016923
5,5.0241013,13.79835,7.9117336,14.136814,-0.23535402
5,5.0026054,6.56804,2.1568532,2.1542392,3.133907
5,4.982356,13.094313,5.667253,8.971026,-0.028602371
5,5.0010576,16.623375,97.62253,35.60863,-0.039074093
5,5.0076838,19.57527,95.27913,34.990555,0.0013863418
5,4.48672,9.240746,38.528286,18.267822,-0.06447473
5,5.0581284,10.027035,95.52991,33.839367,-0.028725475
5,5.021053,16.874357,13.503939,23.251068,-0.0901654
5,5.014101,15.128904,95.73642,37.953663,0.01365188
5,4.94347,9.483965,10.913685,17.890438,0.019847376
10,9.994014,17.16065,50.474182,27.38414,-0.6238068
10,9.999614,19.543232,34.59558,22.253077,-0.07334606
10,10.00278,17.162966,12.596732,22.557762,0.053219702
10,10.006103,13.401323,12.287979,22.750149,0.12743837
10,10.051579,10.032615,29.449656,28.72277,0.014676329
10,9.980015,20.36596,6.880452,16.04719,-0.08458234
10,10.0018635,12.36238,24.461254,13.90801,-0.18839762
10,9.987447,19.297768,94.31098,32.328884,-0.024747001
10,9.994117,15.334028,14.043303,19.230728,0.1346911
10,9.996795,18.676857,19.510025,20.438345,0.19314514
10,9.989065,17.473446,97.486,38.014828,0.0082226675
10,10.021183,15.840397,11.093401,17.211613,0.061998755
10,10.027391,11.327215,13.899382,16.012646,-0.099657916
10,10.019268,15.742774,16.787527,17.396515,-0.05187112
10,9.990744,13.02966,42.15042,33.67373,0.053950343
10,10.002576,6.0660033,17.193506,14.983742,0.12518921
10,10.009361,15.221709,21.14356,21.015003,-0.09801053
10,9.98581,9.894229,52.092167,16.962664,-0.47228897
10,10.0283375,10.194091,4.6596913,4.773584,-0.39780354
10,10.103622,11.090137,16.484943,15.427003,-0.17465475
10,9.99067,14.1777115,28.312597,27.27872,-0.008561083
10,10.004493,12.261036,11.462057,9.746572,-0.9990512
10,10.019349,15.109909,14.335678,18.185862,-0.036707655
10,10.035935,7.2543344,12.024688,13.612981,-0.18441305
10,10.021362,16.399529,13.915959,21.496986,-0.06891136
10,9.959351,14.569775,9.628067,12.020872,0.72686255
10,10.063641,7.85538,16.715271,12.441494,0.40484995
10,9.996024,14.982934,15.444894,17.038977,-0.7560647
10,9.989533,15.6777725,38.45921,32.58156,-0.06336124
10,10.014767,19.794981,10.480504,20.001146,0.054603748
10,10.028915,12.641174,15.680145,18.049202,0.062059406
10,9.999379,12.883795,40.066753,28.337189,-0.1508508
10,10.019325,12.624555,76.885216,24.867355,0.08468953
10,103.061615,25.936996,98.84408,24.41079,-0.13845114
10,10.012611,16.839703,14.321077,17.114883,0.1586643
10,9.998478,14.997587,6.6190124,12.489046,-0.10596286
10,10.028602,12.078062,95.43186,42.885704,-0.0065391855
10,10.006876,15.3407955,7.8048716,12.874746,-0.047427572
10,10.152145,15.995825,27.958504,26.268892,0.13606223
10,10.007672,19.160816,17.770952,24.082817,-0.07278638
10,10.013607,16.168476,12.91469,15.705814,-0.04429024
10,10.001532,11.465217,7.1513157,7.140491,0.19792564
10,9.9901085,15.097977,10.689763,12.076055,-0.02493599
10,10.001091,17.770527,97.62253,36.259388,-0.032786842
10,10.005674,21.753538,95.27913,34.624184,-0.00870308
10,9.58364,11.927052,43.53408,18.405521,-0.07129442
10,10.033421,12.612942,95.52991,33.32482,-0.026250724
10,10.014309,18.059256,18.50026,25.411915,-0.11048365
10,10.00795,17.180267,95.73642,36.29924,0.012916809
10,9.968521,13.145751,15.927924,20.301779,0.026157174
15,14.996771,18.402702,55.47378,24.307135,-0.82993007
15,15.000065,19.88022,39.596104,20.111813,-0.16369921
15,15.00156,16.816021,17.596449,18.927628,0.031254333
15,15.005174,17.457382,17.28434,25.2268,0.106402725
15,15.029679,14.935837,34.4545,32.34333,0.012797909
15,14.98896,22.343416,11.91958,19.168549,-0.08643373
15,15.001064,15.882921,29.459917,20.68199,-0.018253243
15,14.992982,21.368961,94.31098,27.49301,-0.102624625
15,14.996716,15.092203,19.047686,22.887352,0.08763395
15,14.998225,21.407673,24.496595,24.513218,0.13421395
15,14.995686,20.827652,97.486,35.256382,-0.03062058
15,15.012035,18.079699,16.08996,19.513866,0.038023904
15,15.01554,14.132605,18.90296,20.463844,-0.028326042
15,15.01094,18.64356,21.78402,21.702965,-0.008063079
15,14.994817,16.963938,47.15045,32.95071,0.057053335
15,15.002573,4.1927423,22.187065,15.420601,0.06811467
15,15.00531,15.580692,26.149834,24.06822,-0.048495293
15,14.986688,10.947352,57.08938,16.836035,-0.39019203
15,15.016781,15.167063,9.625646,9.743129,-0.22290386
15,15.060855,15.410403,21.442554,18.05035,-0.1228534
15,14.994794,18.545486,33.313824,30.961,-0.014284226
15,15.002574,13.533964,16.448635,11.1606455,-1.0930737
15,15.013296,18.651333,19.334599,21.4842,-0.023358261
15,15.020543,12.642181,17.020777,17.757954,-0.17955077
15,15.012148,19.1861,18.923138,23.720533,-0.0788195
15,14.977599,19.0391,14.634481,16.905869,0.60367954
15,15.036797,9.721895,21.69823,19.209053,0.059333574
15,14.997843,8.799537,20.441856,7.0403967,-3.767061
15,14.99415,18.973238,43.45882,29.252182,-0.31505197
15,15.008383,22.05182,15.469236,22.534187,0.08659655
15,15.016262,16.198223,20.652788,21.721302,0.05721689
15,14.999999,20.889376,45.06802,34.442753,-0.05961187
15,15.010528,12.998219,81.87802,27.198769,0.13569525
15,103.061615,25.936996,98.84408,24.41079,-0.13845114
15,15.007141,15.193677,19.311853,19.318962,-0.19311452
15,14.999155,17.598652,11.619549,14.606757,-0.090335935
15,15.0383,16.144646,95.43186,42.39894,-0.0046736742
15,15.00388,17.310202,12.772181,15.607168,-0.101093486
15,15.090905,17.797243,32.958046,27.332247,0.061204016
15,15.004357,20.291431,22.760942,25.08895,-0.102155246
15,15.007698,19.553888,17.916351,20.711508,-0.008449664
15,15.000927,15.075766,12.1482,12.128138,-0.085687056
15,14.994464,16.965517,15.702396,16.260399,-0.02751424
15,15.001111,19.910984,97.62253,35.78957,-0.0401694
15,15.004544,22.131807,95.27913,34.499775,-0.025129655
15,14.637669,14.796691,48.537277,18.48476,-0.07448956
15,15.019495,16.24129,95.52991,33.352097,-0.009226516
15,15.010513,22.006985,23.49819,27.094818,-0.06844901
15,15.004487,17.5427,95.73642,37.30984,0.011882846
15,14.982576,11.622345,20.93592,23.29487,0.025059745
