elapsed_time_s,cumulative_frames,window_frames,p50_ms,p95_ms,p99_ms,max_ms,deadline_budget_ms,deadline_misses
0.0,400,400,5.33139705657959,5.592858791351318,6.122536659240722,8.28695297241211,16.0,0
6.47,800,400,5.472898483276367,5.6288838386535645,5.818586349487304,11.74020767211914,16.0,0
12.92,1200,400,5.472302436828613,5.647444725036621,5.704782009124756,6.213665008544922,16.0,0
19.37,1600,400,5.656003952026367,5.727803707122803,5.858616828918456,6.349086761474609,16.0,0
25.83,2000,400,5.656003952026367,5.705368518829346,5.839409828186031,6.305932998657227,16.0,0
32.28,2400,400,5.632162094116211,5.717635154724121,6.298015117645264,6.3648223876953125,16.0,0
38.74,2800,400,5.489826202392578,5.692660808563232,6.166977882385254,6.404876708984375,16.0,0
45.19,3200,400,5.648374557495117,5.728769302368164,5.926120281219479,6.394147872924805,16.0,0
51.64,3600,400,5.655050277709961,5.728256702423096,6.2595534324646,6.460428237915039,16.0,0
