step,val_loss,all_snr,gunfire_snr,proxy_snr,all_si_sdr,gunfire_si_sdr,proxy_si_sdr,all_stoi,gunfire_stoi,proxy_stoi,all_pesq,gunfire_pesq,proxy_pesq,condition
5000,8.96296492527097,5.4009169716446195,5.238253274277568,5.865518512490382,4.083623,3.92828,4.527313,0.8184138593132666,0.8222297391957006,0.8075149082765106,1.6032971677133592,1.5965143275751947,1.6226703777811886,proxy_only
10000,9.027143974627478,5.31639183803572,5.317343497033031,5.313877578462577,3.826772,3.8328526,3.8107061,0.814760490009884,0.8268116733981336,0.7829215610582125,1.6150338455782098,1.6509781925477713,1.520069768399368,proxy_only
15000,8.954363337209669,4.949142983155641,5.076373966966375,4.5759320973108215,3.3665466,3.4524632,3.1145263,0.8135136621399968,0.8159539282974261,0.8063555480782035,1.6110494235814627,1.6356985739686272,1.5387452491124471,proxy_only
20000,8.70529083862143,5.423716550606097,5.421682201795676,5.430379780043133,3.8054762,3.7503722,3.9859629,0.8135143511276353,0.8146856408364614,0.8096779529508996,1.617282712055465,1.6254754773283426,1.5904484373935754,proxy_only
25000,9.365192537792659,5.024979698234948,5.492526305966418,3.6535096488893033,3.2917511,3.7520087,1.9416633,0.8037391034948007,0.8201132705929,0.7557082133403763,1.5837229302373983,1.6265721253373406,1.4580319579442342,proxy_only
5000,9.42926280609632,4.847855291159634,4.661675511735996,5.304050189279542,3.5749085,3.4068437,3.986716,0.8112887321614983,0.8164970841650014,0.7985267468429728,1.5911870550301115,1.6139593625125566,1.5353882431286818,mixed_50
10000,9.593253736172692,4.8622152302808805,5.080149267026958,4.291308275123978,3.343027,3.5717893,2.743754,0.8164683488252599,0.8277242409642174,0.7869820546943717,1.596750406087455,1.6070622345323584,1.56973721132688,mixed_50
15000,9.399323017314329,4.696812965094223,4.816633241894167,4.400786398882595,3.0928152,3.2254083,2.7652314,0.810268975491733,0.8160995822406621,0.7958639470532024,1.5783844091124455,1.5831816383770534,1.566532430929296,mixed_50
20000,8.978002840381558,5.338250023062278,5.296387322191467,5.461047278949991,3.6967988,3.6234066,3.9120817,0.8102499648007216,0.8145130562371146,0.7977448965873026,1.6097890870045808,1.6303636087612672,1.5494371565183003,mixed_50
25000,9.051870834423324,5.053992601101665,5.203408805918304,4.655858738577827,3.3090775,3.4497552,2.9342287,0.8073693320336565,0.8108621684181861,0.7980623332202198,1.58402144363371,1.583896770899668,1.5843536461362187,mixed_50
5000,9.408675629203602,4.609765386883706,4.881354566221778,3.8922334809781822,3.3485453,3.6838853,2.4625854,0.8050887841667902,0.8175186973943902,0.7722492603309086,1.5695308695405217,1.6005223710960317,1.4876520876531247,gunfire_heavy
10000,9.183275352090092,5.242894995484059,5.045046727927869,5.81301039804729,3.797882,3.586729,4.4063377,0.8118597836497651,0.817022553056887,0.796982856016085,1.6012937608411757,1.6144935752703176,1.5632574534729908,gunfire_heavy
15000,8.665667292829287,5.724922993254919,5.846522179365874,5.330381749110739,4.260271,4.3940134,3.8263295,0.8183151898574229,0.8234933203772755,0.8015142052210666,1.6548100598787858,1.6810875256151423,1.5695500811226935,gunfire_heavy
20000,8.833491179296526,5.481292484170299,5.781331139351178,4.585231095049027,3.9289865,4.2631917,2.9308891,0.8228627035283639,0.8350733257021206,0.7863958454148474,1.614232959989774,1.608229718326983,1.6321615600908124,gunfire_heavy
25000,9.25410787251036,5.640156205794853,5.9153217662741735,4.854225814099015,4.0066686,4.400853,2.8807964,0.8140542249742941,0.8259243692271145,0.7801506103436897,1.5760282362921763,1.617173983794328,1.4585073757794946,gunfire_heavy
