Category,Metric,Value
CANONICAL_MASK_OVERALL,mag_min,0.78194374
CANONICAL_MASK_OVERALL,mag_max,1.01144791
CANONICAL_MASK_OVERALL,mag_mean,0.92534202
CANONICAL_MASK_OVERALL,mag_median,0.92894721
CANONICAL_MASK_OVERALL,mag_p05,0.88310379
CANONICAL_MASK_OVERALL,mag_p25,0.90759808
CANONICAL_MASK_OVERALL,mag_p75,0.94349825
CANONICAL_MASK_OVERALL,mag_p95,0.96113437
CANONICAL_MASK_OVERALL,phase_mean,-0.00122374
CANONICAL_MASK_OVERALL,phase_std,0.01771770
CANONICAL_MASK_OVERALL,phase_gt_01_pct,0.00065241
CANONICAL_MASK_OVERALL,phase_gt_05_pct,0.00000000
CANONICAL_MASK_SPEECH_DOMINANT,mag_min,0.79717404
CANONICAL_MASK_SPEECH_DOMINANT,mag_max,1.00464833
CANONICAL_MASK_SPEECH_DOMINANT,mag_mean,0.92534190
CANONICAL_MASK_SPEECH_DOMINANT,mag_median,0.92894733
CANONICAL_MASK_SPEECH_DOMINANT,mag_p05,0.88310450
CANONICAL_MASK_SPEECH_DOMINANT,mag_p25,0.90759802
CANONICAL_MASK_SPEECH_DOMINANT,mag_p75,0.94349813
CANONICAL_MASK_SPEECH_DOMINANT,mag_p95,0.96113437
CANONICAL_MASK_SPEECH_DOMINANT,phase_mean,-0.00122361
CANONICAL_MASK_SPEECH_DOMINANT,phase_std,0.01771569
CANONICAL_MASK_SPEECH_DOMINANT,phase_gt_01_pct,0.00025761
CANONICAL_MASK_SPEECH_DOMINANT,phase_gt_05_pct,0.00000000
CANONICAL_MASK_NOISE_DOMINANT,mag_min,0.78194374
CANONICAL_MASK_NOISE_DOMINANT,mag_max,1.01144791
CANONICAL_MASK_NOISE_DOMINANT,mag_mean,0.92534238
CANONICAL_MASK_NOISE_DOMINANT,mag_median,0.92894709
CANONICAL_MASK_NOISE_DOMINANT,mag_p05,0.88310248
CANONICAL_MASK_NOISE_DOMINANT,mag_p25,0.90759808
CANONICAL_MASK_NOISE_DOMINANT,mag_p75,0.94349855
CANONICAL_MASK_NOISE_DOMINANT,mag_p95,0.96113431
CANONICAL_MASK_NOISE_DOMINANT,phase_mean,-0.00122396
CANONICAL_MASK_NOISE_DOMINANT,phase_std,0.01772118
CANONICAL_MASK_NOISE_DOMINANT,phase_gt_01_pct,0.00133378
CANONICAL_MASK_NOISE_DOMINANT,phase_gt_05_pct,0.00000000
CANONICAL_QUALITY,input_snr_mean,8.43515089
CANONICAL_QUALITY,output_snr_mean,7.57083460
CANONICAL_QUALITY,snr_delta_mean,-0.86431629
CANONICAL_QUALITY,input_si_sdr_mean,0.00000000
CANONICAL_QUALITY,output_si_sdr_mean,0.00000000
CANONICAL_QUALITY,si_sdr_delta_mean,0.00000000
CANONICAL_QUALITY,input_stoi_mean,0.85000000
CANONICAL_QUALITY,output_stoi_mean,0.85000000
CANONICAL_QUALITY,input_pesq_mean,1.85000000
CANONICAL_QUALITY,output_pesq_mean,1.85000000
CANONICAL_QUALITY,output_input_rms_ratio_mean,0.91685431
CANONICAL_QUALITY,input_spectral_centroid_mean,1545.88024146
CANONICAL_QUALITY,output_spectral_centroid_mean,1596.60185025
CANONICAL_BAND_RMS,input_b0_300,3.33080500
CANONICAL_BAND_RMS,output_b0_300,2.81854237
CANONICAL_BAND_RMS,input_b300_1000,2.11144623
CANONICAL_BAND_RMS,output_b300_1000,1.89158086
CANONICAL_BAND_RMS,input_b1000_3000,0.63238328
CANONICAL_BAND_RMS,output_b1000_3000,0.57087173
CANONICAL_BAND_RMS,input_b3000_7000,0.23510687
CANONICAL_BAND_RMS,output_b3000_7000,0.21932064
TARGET_MASK_IDEAL,mag_min,0.00000000
TARGET_MASK_IDEAL,mag_max,2.00000000
TARGET_MASK_IDEAL,mag_mean,0.69265652
TARGET_MASK_IDEAL,mag_median,0.82466823
TARGET_MASK_IDEAL,mag_p05,0.01328436
TARGET_MASK_IDEAL,mag_p25,0.21308868
TARGET_MASK_IDEAL,mag_p75,1.00114775
TARGET_MASK_IDEAL,mag_p95,1.40425587
TARGET_MASK_IDEAL,phase_mean,0.00003480
TARGET_MASK_IDEAL,phase_std,1.12366295
TARGET_MASK_IDEAL,phase_gt_01_pct,64.90657082
TARGET_MASK_IDEAL,phase_gt_05_pct,40.55886251
CORRELATION,magnitude_mask_correlation,0.07398056
CORRELATION,phase_mask_correlation,-0.00015387
PREDICTION_VARIANCE,mag_std_across_time,0.00003910
PREDICTION_VARIANCE,mag_std_across_freq,0.02834411
PREDICTION_VARIANCE,mag_std_speech_frames,0.02834415
PREDICTION_VARIANCE,mag_std_noise_frames,0.02834407
PREDICTION_VARIANCE,consec_frame_mag_diff_mean,0.00001295
LOSS_GRADIENTS,grad_l1_mag,0.00008080
LOSS_GRADIENTS,grad_l1_phase,0.00007857
LOSS_GRADIENTS,grad_l1_lstm,0.00012047
LOSS_GRADIENTS,grad_mrstft_mag,0.00346740
LOSS_GRADIENTS,grad_mrstft_phase,0.01357385
LOSS_GRADIENTS,grad_mrstft_lstm,0.04409442
LOSS_GRADIENTS,grad_sisdr_mag,0.00709886
LOSS_GRADIENTS,grad_sisdr_phase,0.02688785
LOSS_GRADIENTS,grad_sisdr_lstm,0.05500619
